"estimate","ci_lb","ci_ub","pi_lb","pi_ub"
0.606384734563863,0.378337197929962,0.834432271197763,-1.05728505296138,2.27005452208911
