"model","term","estimate","se","ci_lb","ci_ub"
"Overall excl High RoB","intrcpt",0.498056003704033,0.122967435728985,0.257039829675222,0.739072177732845
