"estimate","ci_lb","ci_ub","pi_lb","pi_ub"
0.183301916696472,-0.165377206228012,0.531981039620957,-0.618756492206575,0.985360325599519
