"model","term","estimate","se","ci_lb","ci_ub"
"Overall excl High RoB","intrcpt",0.166438708263506,0.115012226626582,-0.0589852559245943,0.391862672451606
