"model","term","estimate","se","ci_lb","ci_ub"
"Overall excl High RoB","intrcpt",-2.1679535397988,0.223999699985231,-2.60699295176985,-1.72891412782775
