"estimate","ci_lb","ci_ub","pi_lb","pi_ub"
-1.90059854778531,-2.18218923448992,-1.6190078610807,-5.55636127025696,1.75516417468634
