"estimate","ci_lb","ci_ub","pi_lb","pi_ub"
0.400069284176569,0.0535398534668524,0.746598714886286,-1.98698378906731,2.78712235742045
