"model","term","estimate","se","ci_lb","ci_ub"
"Overall excl High RoB","intrcpt",0.778377730184176,0.231315721303529,0.32499891642926,1.23175654393909
