"model","term","estimate","se","ci_lb","ci_ub"
"Moderator: Antipsychotic","intrcpt",1.62178968071102,3.6063504531392e-07,1.62178897386634,1.62179038755571
"Moderator: Antipsychotic","atp_drugAripiprazole",0.289251757631872,0.580622655747263,-0.848768647632764,1.42727216289651
"Moderator: Antipsychotic","atp_drugClozapine",-0.503175880489014,0.781380298386732,-2.03468126532701,1.02832950434898
"Moderator: Antipsychotic","atp_drugHaloperidol",-4.30147739637448,0.954839694282939,-6.17296319716904,-2.42999159557991
"Moderator: Antipsychotic","atp_drugOlanzapine",0.71003625449947,0.731363649741005,-0.723436498992899,2.14350900799184
"Moderator: Antipsychotic","atp_drugRisperidone",0.372659311181396,0.582641913636096,-0.769318839545352,1.51463746190814
"Moderator: Antipsychotic","atp_drugSulpiride",-1.88400245451651,0.881414517548007,-3.6115749089106,-0.156430000122415
