"estimate","ci_lb","ci_ub","pi_lb","pi_ub"
0.939733365195679,0.310117309490718,1.56934942090064,-1.82100235341025,3.70046908380161
