"model","term","estimate","se","ci_lb","ci_ub"
"Overall excl High RoB","intrcpt",0.790491954730744,0.297835036154396,0.206735283868127,1.37424862559336
