"model","term","estimate","se","ci_lb","ci_ub"
"Moderator: Antipsychotic","atp_drugAripiprazole",-0.826991218610645,0.705599008306907,-2.20996527489218,0.555982837670893
"Moderator: Antipsychotic","atp_drugCariprazine",-1.24355993847378,0.170081045760198,-1.57691878816377,-0.910201088783793
"Moderator: Antipsychotic","atp_drugChlorpromazine",0.0251853367282382,0.433851240237458,-0.82516309413718,0.875533767593656
"Moderator: Antipsychotic","atp_drugClozapine",-0.299074506587669,0.21316383025643,-0.716875613890271,0.118726600714933
"Moderator: Antipsychotic","atp_drugHaloperidol",-0.711610396525255,0.194280051415316,-1.09239929729927,-0.330821495751236
"Moderator: Antipsychotic","atp_drugOlanzapine",-0.454199623551425,0.129625248651691,-0.708265110908739,-0.200134136194112
"Moderator: Antipsychotic","atp_drugQuetiapine",-0.790559375154105,0.346747922637817,-1.47018530352423,-0.110933446783984
"Moderator: Antipsychotic","atp_drugRisperidone",-0.491881881025416,0.220540294833683,-0.924140858899435,-0.0596229031513963
"Moderator: Antipsychotic","atp_drugSulpiride",-0.591920903994401,2.23945414812211,-4.98125103431374,3.79740922632494
