"model","term","estimate","se","ci_lb","ci_ub"
"Overall excl High RoB","intrcpt",-0.409100382511965,0.129858865648711,-0.66362375918344,-0.154577005840491
