"estimate","ci_lb","ci_ub","pi_lb","pi_ub"
-0.493182598407612,-0.700660686362173,-0.28570451045305,-1.31062921523331,0.324264018418083
