"estimate","ci_lb","ci_ub","pi_lb","pi_ub"
-1.27233099601164,-1.59128391673859,-0.953378075284693,-3.95201280811993,1.40735081609665
