"model","term","estimate","se","ci_lb","ci_ub"
"Overall excl High RoB","intrcpt",-1.21923631966255,0.183212016439546,-1.57833187188406,-0.860140767441039
